CREATE DATABASE IF NOT EXISTS jpa_radiology;
USE jpa_radiology;

SET FOREIGN_KEY_CHECKS = 0;

DROP TABLE IF EXISTS reservation;
DROP TABLE IF EXISTS r_reservations;
DROP TABLE IF EXISTS r_reservation;
DROP TABLE IF EXISTS p_patients;
DROP TABLE IF EXISTS p_patient;
DROP TABLE IF EXISTS d_devices;

SET FOREIGN_KEY_CHECKS = 1;

-- 1. Eltern: d_devices
CREATE TABLE d_devices
(
    d_id       INT AUTO_INCREMENT PRIMARY KEY,
    d_type     VARCHAR(255) NULL,
    d_location VARCHAR(255) NULL
);

-- 2. Eltern: p_patient
CREATE TABLE p_patient
(
    p_id      INT AUTO_INCREMENT PRIMARY KEY,
    p_name    VARCHAR(255) NULL,
    p_birth   DATE         NULL,
    p_ssn     INT(10)      NULL,
    p_surname VARCHAR(255) NULL,
    p_gender  CHAR         NULL,
    birth     DATE         NULL,
    gender    VARCHAR(1)   NOT NULL,
    name      VARCHAR(255) NULL,
    ssn       BIGINT       NOT NULL,
    surname   VARCHAR(255) NULL
);

-- 3. Eltern: p_patients
CREATE TABLE p_patients
(
    id      INT AUTO_INCREMENT PRIMARY KEY,
    birth   DATE         NULL,
    gender  VARCHAR(1)   NOT NULL,
    name    VARCHAR(255) NULL,
    ssn     BIGINT       NOT NULL,
    surname VARCHAR(255) NULL
);

-- 4. Kind: r_reservation
CREATE TABLE r_reservation
(
    r_id         INT AUTO_INCREMENT PRIMARY KEY,
    r_startTime  DATETIME     NULL,
    r_endTime    DATETIME     NULL,
    r_bodyRegion VARCHAR(255) NULL,
    r_comment    VARCHAR(255) NULL,
    r_p_id       INT          NULL,
    r_d_id       INT          NULL,
    CONSTRAINT r_d_fk FOREIGN KEY (r_d_id) REFERENCES d_devices (d_id),
    CONSTRAINT r_p_fk FOREIGN KEY (r_p_id) REFERENCES p_patient (p_id)
);

-- 5. Kind: r_reservations
CREATE TABLE r_reservations
(
    id          INT AUTO_INCREMENT PRIMARY KEY,
    body_region VARCHAR(255) NULL,
    comment     VARCHAR(255) NULL,
    end_time    DATETIME(6)  NULL,
    start_time  DATETIME(6)  NULL,
    r_d_id      INT          NULL,
    r_p_id      INT          NULL,
    CONSTRAINT FK41xevwoknbeyy16824t0iltlc FOREIGN KEY (r_p_id) REFERENCES p_patients (id),
    CONSTRAINT FK3ipr8u4tso4exs9ox6ej0dfgm FOREIGN KEY (r_p_id) REFERENCES p_patient (p_id),
    CONSTRAINT FKalfc7ka3lk817hc44txqe8i38 FOREIGN KEY (r_d_id) REFERENCES d_devices (d_id)
);

-- 6. Kind: reservation
CREATE TABLE reservation
(
    id          INT AUTO_INCREMENT PRIMARY KEY,
    body_region VARCHAR(255) NULL,
    comment     VARCHAR(255) NULL,
    end_time    DATETIME(6)  NULL,
    start_time  DATETIME(6)  NULL,
    r_d_id      INT          NULL,
    r_p_id      INT          NULL,
    CONSTRAINT FKhx8gip6s8x0tw7xkntgaqcwd2 FOREIGN KEY (r_p_id) REFERENCES p_patients (id)
);

-- Add devices
INSERT INTO d_devices (d_type, d_location) VALUES
                                               ('MRI Scanner',     'Raum 101'),
                                               ('CT Scanner',      'Raum 102'),
                                               ('Ultraschall',     'Raum 103'),
                                               ('Röntgen',         'Raum 104'),
                                               ('EKG',             'Raum 105');

-- 1. p_patient (50 Patienten)
INSERT INTO p_patient (p_name, p_surname, p_birth, p_ssn, p_gender, name, surname, birth, ssn, gender) VALUES
                                                                                                           ('Max',        'Mustermann',  '1985-03-12', 1234567890, 'M', 'Max',        'Mustermann',  '1985-03-12', 1234567890, 'M'),
                                                                                                           ('Maria',      'Musterfrau',  '1990-07-24', 1234567891, 'F', 'Maria',      'Musterfrau',  '1990-07-24', 1234567891, 'F'),
                                                                                                           ('Hans',       'Huber',       '1978-11-05', 1234567892, 'M', 'Hans',       'Huber',       '1978-11-05', 1234567892, 'M'),
                                                                                                           ('Anna',       'Schmidt',     '2000-01-30', 1234567893, 'F', 'Anna',       'Schmidt',     '2000-01-30', 1234567893, 'F'),
                                                                                                           ('Thomas',     'Bauer',       '1965-06-18', 1234567894, 'M', 'Thomas',     'Bauer',       '1965-06-18', 1234567894, 'M'),
                                                                                                           ('Laura',      'Fischer',     '1992-09-03', 1234567895, 'F', 'Laura',      'Fischer',     '1992-09-03', 1234567895, 'F'),
                                                                                                           ('Peter',      'Wagner',      '1970-04-22', 1234567896, 'M', 'Peter',      'Wagner',      '1970-04-22', 1234567896, 'M'),
                                                                                                           ('Sandra',     'Weber',       '1988-12-11', 1234567897, 'F', 'Sandra',     'Weber',       '1988-12-11', 1234567897, 'F'),
                                                                                                           ('Klaus',      'Meyer',       '1955-08-30', 1234567898, 'M', 'Klaus',      'Meyer',       '1955-08-30', 1234567898, 'M'),
                                                                                                           ('Julia',      'Schulz',      '1995-02-14', 1234567899, 'F', 'Julia',      'Schulz',      '1995-02-14', 1234567899, 'F'),
                                                                                                           ('Michael',    'Hoffmann',    '1982-05-07', 1234567800, 'M', 'Michael',    'Hoffmann',    '1982-05-07', 1234567800, 'M'),
                                                                                                           ('Sabine',     'Schäfer',     '1975-10-19', 1234567801, 'F', 'Sabine',     'Schäfer',     '1975-10-19', 1234567801, 'F'),
                                                                                                           ('Andreas',    'Koch',        '1968-07-25', 1234567802, 'M', 'Andreas',    'Koch',        '1968-07-25', 1234567802, 'M'),
                                                                                                           ('Nicole',     'Becker',      '1993-03-08', 1234567803, 'F', 'Nicole',     'Becker',      '1993-03-08', 1234567803, 'F'),
                                                                                                           ('Stefan',     'Richter',     '1980-11-14', 1234567804, 'M', 'Stefan',     'Richter',     '1980-11-14', 1234567804, 'M'),
                                                                                                           ('Claudia',    'Klein',       '1987-06-02', 1234567805, 'F', 'Claudia',    'Klein',       '1987-06-02', 1234567805, 'F'),
                                                                                                           ('Markus',     'Wolf',        '1973-09-28', 1234567806, 'M', 'Markus',     'Wolf',        '1973-09-28', 1234567806, 'M'),
                                                                                                           ('Petra',      'Schröder',    '1961-01-17', 1234567807, 'F', 'Petra',      'Schröder',    '1961-01-17', 1234567807, 'F'),
                                                                                                           ('Daniel',     'Neumann',     '1997-04-05', 1234567808, 'M', 'Daniel',     'Neumann',     '1997-04-05', 1234567808, 'M'),
                                                                                                           ('Christine',  'Schwarz',     '1984-08-23', 1234567809, 'F', 'Christine',  'Schwarz',     '1984-08-23', 1234567809, 'F'),
                                                                                                           ('Jürgen',     'Zimmermann',  '1959-12-31', 1234567810, 'M', 'Jürgen',     'Zimmermann',  '1959-12-31', 1234567810, 'M'),
                                                                                                           ('Monika',     'Braun',       '1971-03-16', 1234567811, 'F', 'Monika',     'Braun',       '1971-03-16', 1234567811, 'F'),
                                                                                                           ('Frank',      'Krüger',      '1966-07-09', 1234567812, 'M', 'Frank',      'Krüger',      '1966-07-09', 1234567812, 'M'),
                                                                                                           ('Susanne',    'Hartmann',    '1991-05-27', 1234567813, 'F', 'Susanne',    'Hartmann',    '1991-05-27', 1234567813, 'F'),
                                                                                                           ('Christian',  'Lange',       '1976-10-04', 1234567814, 'M', 'Christian',  'Lange',       '1976-10-04', 1234567814, 'M'),
                                                                                                           ('Katrin',     'Werner',      '1989-02-18', 1234567815, 'F', 'Katrin',     'Werner',      '1989-02-18', 1234567815, 'F'),
                                                                                                           ('Tobias',     'Krause',      '1994-06-13', 1234567816, 'M', 'Tobias',     'Krause',      '1994-06-13', 1234567816, 'M'),
                                                                                                           ('Brigitte',   'Lehmann',     '1957-09-22', 1234567817, 'F', 'Brigitte',   'Lehmann',     '1957-09-22', 1234567817, 'F'),
                                                                                                           ('Oliver',     'Köhler',      '1983-01-06', 1234567818, 'M', 'Oliver',     'Köhler',      '1983-01-06', 1234567818, 'M'),
                                                                                                           ('Angelika',   'Maier',       '1969-04-29', 1234567819, 'F', 'Angelika',   'Maier',       '1969-04-29', 1234567819, 'F'),
                                                                                                           ('Ralf',       'Schneider',   '1977-08-15', 1234567820, 'M', 'Ralf',       'Schneider',   '1977-08-15', 1234567820, 'M'),
                                                                                                           ('Yvonne',     'König',       '1996-11-03', 1234567821, 'F', 'Yvonne',     'König',       '1996-11-03', 1234567821, 'F'),
                                                                                                           ('Stephan',    'Walter',      '1962-03-20', 1234567822, 'M', 'Stephan',    'Walter',      '1962-03-20', 1234567822, 'M'),
                                                                                                           ('Melanie',    'Müller',      '1986-07-08', 1234567823, 'F', 'Melanie',    'Müller',      '1986-07-08', 1234567823, 'F'),
                                                                                                           ('Bernd',      'Fuchs',       '1953-12-25', 1234567824, 'M', 'Bernd',      'Fuchs',       '1953-12-25', 1234567824, 'M'),
                                                                                                           ('Karin',      'Herrmann',    '1974-05-11', 1234567825, 'F', 'Karin',      'Herrmann',    '1974-05-11', 1234567825, 'F'),
                                                                                                           ('Patrick',    'Pohl',        '1998-09-17', 1234567826, 'M', 'Patrick',    'Pohl',        '1998-09-17', 1234567826, 'M'),
                                                                                                           ('Renate',     'Jung',        '1960-02-28', 1234567827, 'F', 'Renate',     'Jung',        '1960-02-28', 1234567827, 'F'),
                                                                                                           ('Uwe',        'Vogel',       '1972-06-06', 1234567828, 'M', 'Uwe',        'Vogel',       '1972-06-06', 1234567828, 'M'),
                                                                                                           ('Birgit',     'Schubert',    '1981-10-14', 1234567829, 'F', 'Birgit',     'Schubert',    '1981-10-14', 1234567829, 'F'),
                                                                                                           ('Holger',     'Böhm',        '1967-04-01', 1234567830, 'M', 'Holger',     'Böhm',        '1967-04-01', 1234567830, 'M'),
                                                                                                           ('Silke',      'Brandt',      '1990-08-19', 1234567831, 'F', 'Silke',      'Brandt',      '1990-08-19', 1234567831, 'F'),
                                                                                                           ('Wolfgang',   'Haas',        '1958-01-23', 1234567832, 'M', 'Wolfgang',   'Haas',        '1958-01-23', 1234567832, 'M'),
                                                                                                           ('Heike',      'Schreiber',   '1979-05-30', 1234567833, 'F', 'Heike',      'Schreiber',   '1979-05-30', 1234567833, 'F'),
                                                                                                           ('Carsten',    'Kaiser',      '1985-09-07', 1234567834, 'M', 'Carsten',    'Kaiser',      '1985-09-07', 1234567834, 'M'),
                                                                                                           ('Tanja',      'Keller',      '1993-12-16', 1234567835, 'F', 'Tanja',      'Keller',      '1993-12-16', 1234567835, 'F'),
                                                                                                           ('Dirk',       'Frank',       '1964-03-04', 1234567836, 'M', 'Dirk',       'Frank',       '1964-03-04', 1234567836, 'M'),
                                                                                                           ('Nadine',     'Peters',      '1987-07-21', 1234567837, 'F', 'Nadine',     'Peters',      '1987-07-21', 1234567837, 'F'),
                                                                                                           ('Axel',       'Weiß',        '1971-11-10', 1234567838, 'M', 'Axel',       'Weiß',        '1971-11-10', 1234567838, 'M'),
                                                                                                           ('Franziska',  'Sommer',      '1999-04-26', 1234567839, 'F', 'Franziska',  'Sommer',      '1999-04-26', 1234567839, 'F'),
                                                                                                           ('Günter',     'Kramer',      '1956-08-13', 1234567840, 'M', 'Günter',     'Kramer',      '1956-08-13', 1234567840, 'M');

-- 2. p_patients (dieselben 50 Patienten)
INSERT INTO p_patients (name, surname, birth, ssn, gender) VALUES
                                                               ('Max',        'Mustermann',  '1985-03-12', 1234567890, 'M'),
                                                               ('Maria',      'Musterfrau',  '1990-07-24', 1234567891, 'F'),
                                                               ('Hans',       'Huber',       '1978-11-05', 1234567892, 'M'),
                                                               ('Anna',       'Schmidt',     '2000-01-30', 1234567893, 'F'),
                                                               ('Thomas',     'Bauer',       '1965-06-18', 1234567894, 'M'),
                                                               ('Laura',      'Fischer',     '1992-09-03', 1234567895, 'F'),
                                                               ('Peter',      'Wagner',      '1970-04-22', 1234567896, 'M'),
                                                               ('Sandra',     'Weber',       '1988-12-11', 1234567897, 'F'),
                                                               ('Klaus',      'Meyer',       '1955-08-30', 1234567898, 'M'),
                                                               ('Julia',      'Schulz',      '1995-02-14', 1234567899, 'F'),
                                                               ('Michael',    'Hoffmann',    '1982-05-07', 1234567800, 'M'),
                                                               ('Sabine',     'Schäfer',     '1975-10-19', 1234567801, 'F'),
                                                               ('Andreas',    'Koch',        '1968-07-25', 1234567802, 'M'),
                                                               ('Nicole',     'Becker',      '1993-03-08', 1234567803, 'F'),
                                                               ('Stefan',     'Richter',     '1980-11-14', 1234567804, 'M'),
                                                               ('Claudia',    'Klein',       '1987-06-02', 1234567805, 'F'),
                                                               ('Markus',     'Wolf',        '1973-09-28', 1234567806, 'M'),
                                                               ('Petra',      'Schröder',    '1961-01-17', 1234567807, 'F'),
                                                               ('Daniel',     'Neumann',     '1997-04-05', 1234567808, 'M'),
                                                               ('Christine',  'Schwarz',     '1984-08-23', 1234567809, 'F'),
                                                               ('Jürgen',     'Zimmermann',  '1959-12-31', 1234567810, 'M'),
                                                               ('Monika',     'Braun',       '1971-03-16', 1234567811, 'F'),
                                                               ('Frank',      'Krüger',      '1966-07-09', 1234567812, 'M'),
                                                               ('Susanne',    'Hartmann',    '1991-05-27', 1234567813, 'F'),
                                                               ('Christian',  'Lange',       '1976-10-04', 1234567814, 'M'),
                                                               ('Katrin',     'Werner',      '1989-02-18', 1234567815, 'F'),
                                                               ('Tobias',     'Krause',      '1994-06-13', 1234567816, 'M'),
                                                               ('Brigitte',   'Lehmann',     '1957-09-22', 1234567817, 'F'),
                                                               ('Oliver',     'Köhler',      '1983-01-06', 1234567818, 'M'),
                                                               ('Angelika',   'Maier',       '1969-04-29', 1234567819, 'F'),
                                                               ('Ralf',       'Schneider',   '1977-08-15', 1234567820, 'M'),
                                                               ('Yvonne',     'König',       '1996-11-03', 1234567821, 'F'),
                                                               ('Stephan',    'Walter',      '1962-03-20', 1234567822, 'M'),
                                                               ('Melanie',    'Müller',      '1986-07-08', 1234567823, 'F'),
                                                               ('Bernd',      'Fuchs',       '1953-12-25', 1234567824, 'M'),
                                                               ('Karin',      'Herrmann',    '1974-05-11', 1234567825, 'F'),
                                                               ('Patrick',    'Pohl',        '1998-09-17', 1234567826, 'M'),
                                                               ('Renate',     'Jung',        '1960-02-28', 1234567827, 'F'),
                                                               ('Uwe',        'Vogel',       '1972-06-06', 1234567828, 'M'),
                                                               ('Birgit',     'Schubert',    '1981-10-14', 1234567829, 'F'),
                                                               ('Holger',     'Böhm',        '1967-04-01', 1234567830, 'M'),
                                                               ('Silke',      'Brandt',      '1990-08-19', 1234567831, 'F'),
                                                               ('Wolfgang',   'Haas',        '1958-01-23', 1234567832, 'M'),
                                                               ('Heike',      'Schreiber',   '1979-05-30', 1234567833, 'F'),
                                                               ('Carsten',    'Kaiser',      '1985-09-07', 1234567834, 'M'),
                                                               ('Tanja',      'Keller',      '1993-12-16', 1234567835, 'F'),
                                                               ('Dirk',       'Frank',       '1964-03-04', 1234567836, 'M'),
                                                               ('Nadine',     'Peters',      '1987-07-21', 1234567837, 'F'),
                                                               ('Axel',       'Weiß',        '1971-11-10', 1234567838, 'M'),
                                                               ('Franziska',  'Sommer',      '1999-04-26', 1234567839, 'F'),
                                                               ('Günter',     'Kramer',      '1956-08-13', 1234567840, 'M');

-- 3. r_reservation (100 Reservierungen)
INSERT INTO r_reservation (r_startTime, r_endTime, r_bodyRegion, r_comment, r_p_id, r_d_id) VALUES
                                                                                                ('2025-06-02 08:00:00', '2025-06-02 08:30:00', 'Kopf',         'Routineuntersuchung',     1,  1),
                                                                                                ('2025-06-02 08:45:00', '2025-06-02 09:15:00', 'Brust',        'Nachkontrolle',            2,  2),
                                                                                                ('2025-06-02 09:30:00', '2025-06-02 10:00:00', 'Bauch',        'Akute Beschwerden',        3,  3),
                                                                                                ('2025-06-02 10:15:00', '2025-06-02 10:45:00', 'Wirbelsäule',  'Schmerzen seit 2 Wochen', 4,  4),
                                                                                                ('2025-06-02 11:00:00', '2025-06-02 11:15:00', 'Herz',         'Vorsorge',                 5,  5),
                                                                                                ('2025-06-02 11:30:00', '2025-06-02 12:00:00', 'Knie',         'Sportverletzung',          6,  1),
                                                                                                ('2025-06-02 12:15:00', '2025-06-02 12:45:00', 'Schulter',     'Chronische Schmerzen',     7,  2),
                                                                                                ('2025-06-02 13:00:00', '2025-06-02 13:30:00', 'Hüfte',        'Kontrolle nach OP',        8,  3),
                                                                                                ('2025-06-02 13:45:00', '2025-06-02 14:15:00', 'Lunge',        'Husten seit 3 Wochen',     9,  4),
                                                                                                ('2025-06-02 14:30:00', '2025-06-02 15:00:00', 'Niere',        'Nierensteine Verdacht',   10,  5),
                                                                                                ('2025-06-03 08:00:00', '2025-06-03 08:30:00', 'Kopf',         'Migräne Abklärung',       11,  1),
                                                                                                ('2025-06-03 08:45:00', '2025-06-03 09:15:00', 'Bauch',        'Magenprobleme',           12,  2),
                                                                                                ('2025-06-03 09:30:00', '2025-06-03 10:00:00', 'Brust',        'Herzrhythmus Check',      13,  3),
                                                                                                ('2025-06-03 10:15:00', '2025-06-03 10:45:00', 'Knie',         'Meniskus Verdacht',       14,  4),
                                                                                                ('2025-06-03 11:00:00', '2025-06-03 11:30:00', 'Hals',         'Schluckbeschwerden',      15,  5),
                                                                                                ('2025-06-03 11:45:00', '2025-06-03 12:15:00', 'Rücken',       'Bandscheibenvorfall',     16,  1),
                                                                                                ('2025-06-03 12:30:00', '2025-06-03 13:00:00', 'Fuß',          'Fraktur Kontrolle',       17,  2),
                                                                                                ('2025-06-03 13:15:00', '2025-06-03 13:45:00', 'Hand',         'Karpaltunnel',            18,  3),
                                                                                                ('2025-06-03 14:00:00', '2025-06-03 14:30:00', 'Schulter',     'Rotatorenmanschette',     19,  4),
                                                                                                ('2025-06-03 14:45:00', '2025-06-03 15:15:00', 'Bauch',        'Appendix Kontrolle',      20,  5),
                                                                                                ('2025-06-04 08:00:00', '2025-06-04 08:30:00', 'Kopf',         'Schwindel Abklärung',     21,  1),
                                                                                                ('2025-06-04 08:45:00', '2025-06-04 09:15:00', 'Wirbelsäule',  'Skoliose Kontrolle',      22,  2),
                                                                                                ('2025-06-04 09:30:00', '2025-06-04 10:00:00', 'Knie',         'Arthrose Check',          23,  3),
                                                                                                ('2025-06-04 10:15:00', '2025-06-04 10:45:00', 'Lunge',        'Asthma Kontrolle',        24,  4),
                                                                                                ('2025-06-04 11:00:00', '2025-06-04 11:30:00', 'Herz',         'EKG Auswertung',          25,  5),
                                                                                                ('2025-06-04 11:45:00', '2025-06-04 12:15:00', 'Niere',        'Nachsorge',               26,  1),
                                                                                                ('2025-06-04 12:30:00', '2025-06-04 13:00:00', 'Hüfte',        'Prothesen Check',         27,  2),
                                                                                                ('2025-06-04 13:15:00', '2025-06-04 13:45:00', 'Bauch',        'Leber Untersuchung',      28,  3),
                                                                                                ('2025-06-04 14:00:00', '2025-06-04 14:30:00', 'Brust',        'Mammografie',             29,  4),
                                                                                                ('2025-06-04 14:45:00', '2025-06-04 15:15:00', 'Fuß',          'Hallux Kontrolle',        30,  5),
                                                                                                ('2025-06-05 08:00:00', '2025-06-05 08:30:00', 'Kopf',         'Tumor Nachsorge',         31,  1),
                                                                                                ('2025-06-05 08:45:00', '2025-06-05 09:15:00', 'Hals',         'Schilddrüse',             32,  2),
                                                                                                ('2025-06-05 09:30:00', '2025-06-05 10:00:00', 'Schulter',     'Impingement',             33,  3),
                                                                                                ('2025-06-05 10:15:00', '2025-06-05 10:45:00', 'Rücken',       'Stenose Abklärung',       34,  4),
                                                                                                ('2025-06-05 11:00:00', '2025-06-05 11:30:00', 'Bauch',        'Gallenblase',             35,  5),
                                                                                                ('2025-06-05 11:45:00', '2025-06-05 12:15:00', 'Knie',         'Kreuzband',               36,  1),
                                                                                                ('2025-06-05 12:30:00', '2025-06-05 13:00:00', 'Hand',         'Rheuma Kontrolle',        37,  2),
                                                                                                ('2025-06-05 13:15:00', '2025-06-05 13:45:00', 'Lunge',        'CT nach Pneumonie',       38,  3),
                                                                                                ('2025-06-05 14:00:00', '2025-06-05 14:30:00', 'Herz',         'Herzklappen Check',       39,  4),
                                                                                                ('2025-06-05 14:45:00', '2025-06-05 15:15:00', 'Hüfte',        'Bursitis',                40,  5),
                                                                                                ('2025-06-06 08:00:00', '2025-06-06 08:30:00', 'Kopf',         'Epilepsie Kontrolle',     41,  1),
                                                                                                ('2025-06-06 08:45:00', '2025-06-06 09:15:00', 'Bauch',        'Milz Untersuchung',       42,  2),
                                                                                                ('2025-06-06 09:30:00', '2025-06-06 10:00:00', 'Brust',        'Rippenprellen',           43,  3),
                                                                                                ('2025-06-06 10:15:00', '2025-06-06 10:45:00', 'Wirbelsäule',  'Osteoporose Check',       44,  4),
                                                                                                ('2025-06-06 11:00:00', '2025-06-06 11:30:00', 'Knie',         'Meniskus OP Nachsorge',   45,  5),
                                                                                                ('2025-06-06 11:45:00', '2025-06-06 12:15:00', 'Schulter',     'Luxation Nachsorge',      46,  1),
                                                                                                ('2025-06-06 12:30:00', '2025-06-06 13:00:00', 'Niere',        'Zystenabklärung',         47,  2),
                                                                                                ('2025-06-06 13:15:00', '2025-06-06 13:45:00', 'Fuß',          'Fersensporn',             48,  3),
                                                                                                ('2025-06-06 14:00:00', '2025-06-06 14:30:00', 'Hals',         'Lymphknoten',             49,  4),
                                                                                                ('2025-06-06 14:45:00', '2025-06-06 15:15:00', 'Herz',         'Perikarditis Kontrolle',  50,  5),
                                                                                                ('2025-06-09 08:00:00', '2025-06-09 08:30:00', 'Kopf',         'Zweitmeinung MRT',         1,  2),
                                                                                                ('2025-06-09 08:45:00', '2025-06-09 09:15:00', 'Bauch',        'Kontrolluntersuchung',     3,  3),
                                                                                                ('2025-06-09 09:30:00', '2025-06-09 10:00:00', 'Brust',        'Follow-Up',                5,  1),
                                                                                                ('2025-06-09 10:15:00', '2025-06-09 10:45:00', 'Lunge',        'Verlaufskontrolle',        7,  4),
                                                                                                ('2025-06-09 11:00:00', '2025-06-09 11:30:00', 'Herz',         'Stresstest Auswertung',    9,  5),
                                                                                                ('2025-06-09 11:45:00', '2025-06-09 12:15:00', 'Rücken',       'MRT Ergebnis',            11,  2),
                                                                                                ('2025-06-09 12:30:00', '2025-06-09 13:00:00', 'Knie',         'Physio Vorbereitung',     13,  3),
                                                                                                ('2025-06-09 13:15:00', '2025-06-09 13:45:00', 'Schulter',     'Neue Beschwerden',        15,  1),
                                                                                                ('2025-06-09 14:00:00', '2025-06-09 14:30:00', 'Hüfte',        'Röntgen Verlauf',         17,  4),
                                                                                                ('2025-06-09 14:45:00', '2025-06-09 15:15:00', 'Niere',        'Ultraschall Kontrolle',   19,  5),
                                                                                                ('2025-06-10 08:00:00', '2025-06-10 08:30:00', 'Kopf',         'Neurologie Abklärung',    21,  1),
                                                                                                ('2025-06-10 08:45:00', '2025-06-10 09:15:00', 'Bauch',        'Pankreasuntersuchung',    23,  2),
                                                                                                ('2025-06-10 09:30:00', '2025-06-10 10:00:00', 'Brust',        'Lymphabfluss Check',      25,  3),
                                                                                                ('2025-06-10 10:15:00', '2025-06-10 10:45:00', 'Knie',         'Knochen Dichte',          27,  4),
                                                                                                ('2025-06-10 11:00:00', '2025-06-10 11:30:00', 'Herz',         'Aorta Kontrolle',         29,  5),
                                                                                                ('2025-06-10 11:45:00', '2025-06-10 12:15:00', 'Rücken',       'Nervenleitung',           31,  1),
                                                                                                ('2025-06-10 12:30:00', '2025-06-10 13:00:00', 'Fuß',          'Durchblutung Check',      33,  2),
                                                                                                ('2025-06-10 13:15:00', '2025-06-10 13:45:00', 'Hand',         'Sehnenentzündung',        35,  3),
                                                                                                ('2025-06-10 14:00:00', '2025-06-10 14:30:00', 'Hals',         'Kehlkopf Abklärung',      37,  4),
                                                                                                ('2025-06-10 14:45:00', '2025-06-10 15:15:00', 'Lunge',        'Emphysem Kontrolle',      39,  5),
                                                                                                ('2025-06-11 08:00:00', '2025-06-11 08:30:00', 'Bauch',        'Darmspiegelung Vor-CT',   41,  1),
                                                                                                ('2025-06-11 08:45:00', '2025-06-11 09:15:00', 'Wirbelsäule',  'Fraktur Ausschluss',      43,  2),
                                                                                                ('2025-06-11 09:30:00', '2025-06-11 10:00:00', 'Kopf',         'Sinusitis Check',         45,  3),
                                                                                                ('2025-06-11 10:15:00', '2025-06-11 10:45:00', 'Herz',         'Bypass Nachsorge',        47,  4),
                                                                                                ('2025-06-11 11:00:00', '2025-06-11 11:30:00', 'Knie',         'Entzündungszeichen',      49,  5),
                                                                                                ('2025-06-11 11:45:00', '2025-06-11 12:15:00', 'Schulter',     'AC-Gelenk Check',          2,  1),
                                                                                                ('2025-06-11 12:30:00', '2025-06-11 13:00:00', 'Hüfte',        'Dysplasie Abklärung',      4,  2),
                                                                                                ('2025-06-11 13:15:00', '2025-06-11 13:45:00', 'Niere',        'Nierenbecken Kontrolle',   6,  3),
                                                                                                ('2025-06-11 14:00:00', '2025-06-11 14:30:00', 'Lunge',        'Pleuraerguss Check',       8,  4),
                                                                                                ('2025-06-11 14:45:00', '2025-06-11 15:15:00', 'Brust',        'Implantat Kontrolle',     10,  5),
                                                                                                ('2025-06-12 08:00:00', '2025-06-12 08:30:00', 'Kopf',         'Aneurysma Screening',     12,  1),
                                                                                                ('2025-06-12 08:45:00', '2025-06-12 09:15:00', 'Bauch',        'Leberzirrhose Check',     14,  2),
                                                                                                ('2025-06-12 09:30:00', '2025-06-12 10:00:00', 'Wirbelsäule',  'Bandscheibe L4 L5',       16,  3),
                                                                                                ('2025-06-12 10:15:00', '2025-06-12 10:45:00', 'Fuß',          'Achillessehne',           18,  4),
                                                                                                ('2025-06-12 11:00:00', '2025-06-12 11:30:00', 'Hand',         'Dupuytren Kontrolle',     20,  5),
                                                                                                ('2025-06-12 11:45:00', '2025-06-12 12:15:00', 'Hals',         'Karotis Doppler',         22,  1),
                                                                                                ('2025-06-12 12:30:00', '2025-06-12 13:00:00', 'Herz',         'Myokarditis Verlauf',     24,  2),
                                                                                                ('2025-06-12 13:15:00', '2025-06-12 13:45:00', 'Lunge',        'Tuberkulose Ausschluss',  26,  3),
                                                                                                ('2025-06-12 14:00:00', '2025-06-12 14:30:00', 'Knie',         'Patella Check',           28,  4),
                                                                                                ('2025-06-12 14:45:00', '2025-06-12 15:15:00', 'Schulter',     'Frozen Shoulder',         30,  5),
                                                                                                ('2025-06-13 08:00:00', '2025-06-13 08:30:00', 'Kopf',         'MS Verlaufskontrolle',    32,  1),
                                                                                                ('2025-06-13 08:45:00', '2025-06-13 09:15:00', 'Bauch',        'Hernie Abklärung',        34,  2),
                                                                                                ('2025-06-13 09:30:00', '2025-06-13 10:00:00', 'Hüfte',        'Coxarthrose Kontrolle',   36,  3),
                                                                                                ('2025-06-13 10:15:00', '2025-06-13 10:45:00', 'Rücken',       'Myelographie Vorbereitung',38, 4),
                                                                                                ('2025-06-13 11:00:00', '2025-06-13 11:30:00', 'Niere',        'Transplantat Check',      40,  5),
                                                                                                ('2025-06-13 11:45:00', '2025-06-13 12:15:00', 'Brust',        'Thorax CT',               42,  1),
                                                                                                ('2025-06-13 12:30:00', '2025-06-13 13:00:00', 'Fuß',          'Diabetischer Fuß',        44,  2),
                                                                                                ('2025-06-13 13:15:00', '2025-06-13 13:45:00', 'Herz',         'Schrittmacher Kontrolle', 46,  3),
                                                                                                ('2025-06-13 14:00:00', '2025-06-13 14:30:00', 'Lunge',        'Bronchiektasen Check',    48,  4),
                                                                                                ('2025-06-13 14:45:00', '2025-06-13 15:15:00', 'Kopf',         'Schlaganfall Nachsorge',  50,  5);

-- 4. r_reservations + reservation (dieselben 100 Einträge, datetime(6) Format)
INSERT INTO r_reservations (body_region, comment, start_time, end_time, r_p_id, r_d_id) VALUES
                                                                                            ('Kopf',         'Routineuntersuchung',      '2025-06-02 08:00:00.000000', '2025-06-02 08:30:00.000000',  1,  1),
                                                                                            ('Brust',        'Nachkontrolle',             '2025-06-02 08:45:00.000000', '2025-06-02 09:15:00.000000',  2,  2),
                                                                                            ('Bauch',        'Akute Beschwerden',         '2025-06-02 09:30:00.000000', '2025-06-02 10:00:00.000000',  3,  3),
                                                                                            ('Wirbelsäule',  'Schmerzen seit 2 Wochen',  '2025-06-02 10:15:00.000000', '2025-06-02 10:45:00.000000',  4,  4),
                                                                                            ('Herz',         'Vorsorge',                  '2025-06-02 11:00:00.000000', '2025-06-02 11:15:00.000000',  5,  5),
                                                                                            ('Knie',         'Sportverletzung',           '2025-06-02 11:30:00.000000', '2025-06-02 12:00:00.000000',  6,  1),
                                                                                            ('Schulter',     'Chronische Schmerzen',      '2025-06-02 12:15:00.000000', '2025-06-02 12:45:00.000000',  7,  2),
                                                                                            ('Hüfte',        'Kontrolle nach OP',         '2025-06-02 13:00:00.000000', '2025-06-02 13:30:00.000000',  8,  3),
                                                                                            ('Lunge',        'Husten seit 3 Wochen',      '2025-06-02 13:45:00.000000', '2025-06-02 14:15:00.000000',  9,  4),
                                                                                            ('Niere',        'Nierensteine Verdacht',     '2025-06-02 14:30:00.000000', '2025-06-02 15:00:00.000000', 10,  5),
                                                                                            ('Kopf',         'Migräne Abklärung',         '2025-06-03 08:00:00.000000', '2025-06-03 08:30:00.000000', 11,  1),
                                                                                            ('Bauch',        'Magenprobleme',             '2025-06-03 08:45:00.000000', '2025-06-03 09:15:00.000000', 12,  2),
                                                                                            ('Brust',        'Herzrhythmus Check',        '2025-06-03 09:30:00.000000', '2025-06-03 10:00:00.000000', 13,  3),
                                                                                            ('Knie',         'Meniskus Verdacht',         '2025-06-03 10:15:00.000000', '2025-06-03 10:45:00.000000', 14,  4),
                                                                                            ('Hals',         'Schluckbeschwerden',        '2025-06-03 11:00:00.000000', '2025-06-03 11:30:00.000000', 15,  5),
                                                                                            ('Rücken',       'Bandscheibenvorfall',       '2025-06-03 11:45:00.000000', '2025-06-03 12:15:00.000000', 16,  1),
                                                                                            ('Fuß',          'Fraktur Kontrolle',         '2025-06-03 12:30:00.000000', '2025-06-03 13:00:00.000000', 17,  2),
                                                                                            ('Hand',         'Karpaltunnel',              '2025-06-03 13:15:00.000000', '2025-06-03 13:45:00.000000', 18,  3),
                                                                                            ('Schulter',     'Rotatorenmanschette',       '2025-06-03 14:00:00.000000', '2025-06-03 14:30:00.000000', 19,  4),
                                                                                            ('Bauch',        'Appendix Kontrolle',        '2025-06-03 14:45:00.000000', '2025-06-03 15:15:00.000000', 20,  5),
                                                                                            ('Kopf',         'Schwindel Abklärung',       '2025-06-04 08:00:00.000000', '2025-06-04 08:30:00.000000', 21,  1),
                                                                                            ('Wirbelsäule',  'Skoliose Kontrolle',        '2025-06-04 08:45:00.000000', '2025-06-04 09:15:00.000000', 22,  2),
                                                                                            ('Knie',         'Arthrose Check',            '2025-06-04 09:30:00.000000', '2025-06-04 10:00:00.000000', 23,  3),
                                                                                            ('Lunge',        'Asthma Kontrolle',          '2025-06-04 10:15:00.000000', '2025-06-04 10:45:00.000000', 24,  4),
                                                                                            ('Herz',         'EKG Auswertung',            '2025-06-04 11:00:00.000000', '2025-06-04 11:30:00.000000', 25,  5),
                                                                                            ('Niere',        'Nachsorge',                 '2025-06-04 11:45:00.000000', '2025-06-04 12:15:00.000000', 26,  1),
                                                                                            ('Hüfte',        'Prothesen Check',           '2025-06-04 12:30:00.000000', '2025-06-04 13:00:00.000000', 27,  2),
                                                                                            ('Bauch',        'Leber Untersuchung',        '2025-06-04 13:15:00.000000', '2025-06-04 13:45:00.000000', 28,  3),
                                                                                            ('Brust',        'Mammografie',               '2025-06-04 14:00:00.000000', '2025-06-04 14:30:00.000000', 29,  4),
                                                                                            ('Fuß',          'Hallux Kontrolle',          '2025-06-04 14:45:00.000000', '2025-06-04 15:15:00.000000', 30,  5),
                                                                                            ('Kopf',         'Tumor Nachsorge',           '2025-06-05 08:00:00.000000', '2025-06-05 08:30:00.000000', 31,  1),
                                                                                            ('Hals',         'Schilddrüse',               '2025-06-05 08:45:00.000000', '2025-06-05 09:15:00.000000', 32,  2),
                                                                                            ('Schulter',     'Impingement',               '2025-06-05 09:30:00.000000', '2025-06-05 10:00:00.000000', 33,  3),
                                                                                            ('Rücken',       'Stenose Abklärung',         '2025-06-05 10:15:00.000000', '2025-06-05 10:45:00.000000', 34,  4),
                                                                                            ('Bauch',        'Gallenblase',               '2025-06-05 11:00:00.000000', '2025-06-05 11:30:00.000000', 35,  5),
                                                                                            ('Knie',         'Kreuzband',                 '2025-06-05 11:45:00.000000', '2025-06-05 12:15:00.000000', 36,  1),
                                                                                            ('Hand',         'Rheuma Kontrolle',          '2025-06-05 12:30:00.000000', '2025-06-05 13:00:00.000000', 37,  2),
                                                                                            ('Lunge',        'CT nach Pneumonie',         '2025-06-05 13:15:00.000000', '2025-06-05 13:45:00.000000', 38,  3),
                                                                                            ('Herz',         'Herzklappen Check',         '2025-06-05 14:00:00.000000', '2025-06-05 14:30:00.000000', 39,  4),
                                                                                            ('Hüfte',        'Bursitis',                  '2025-06-05 14:45:00.000000', '2025-06-05 15:15:00.000000', 40,  5),
                                                                                            ('Kopf',         'Epilepsie Kontrolle',       '2025-06-06 08:00:00.000000', '2025-06-06 08:30:00.000000', 41,  1),
                                                                                            ('Bauch',        'Milz Untersuchung',         '2025-06-06 08:45:00.000000', '2025-06-06 09:15:00.000000', 42,  2),
                                                                                            ('Brust',        'Rippenprellen',             '2025-06-06 09:30:00.000000', '2025-06-06 10:00:00.000000', 43,  3),
                                                                                            ('Wirbelsäule',  'Osteoporose Check',         '2025-06-06 10:15:00.000000', '2025-06-06 10:45:00.000000', 44,  4),
                                                                                            ('Knie',         'Meniskus OP Nachsorge',     '2025-06-06 11:00:00.000000', '2025-06-06 11:30:00.000000', 45,  5),
                                                                                            ('Schulter',     'Luxation Nachsorge',        '2025-06-06 11:45:00.000000', '2025-06-06 12:15:00.000000', 46,  1),
                                                                                            ('Niere',        'Zystenabklärung',           '2025-06-06 12:30:00.000000', '2025-06-06 13:00:00.000000', 47,  2),
                                                                                            ('Fuß',          'Fersensporn',               '2025-06-06 13:15:00.000000', '2025-06-06 13:45:00.000000', 48,  3),
                                                                                            ('Hals',         'Lymphknoten',               '2025-06-06 14:00:00.000000', '2025-06-06 14:30:00.000000', 49,  4),
                                                                                            ('Herz',         'Perikarditis Kontrolle',    '2025-06-06 14:45:00.000000', '2025-06-06 15:15:00.000000', 50,  5),
                                                                                            ('Kopf',         'Zweitmeinung MRT',          '2025-06-09 08:00:00.000000', '2025-06-09 08:30:00.000000',  1,  2),
                                                                                            ('Bauch',        'Kontrolluntersuchung',      '2025-06-09 08:45:00.000000', '2025-06-09 09:15:00.000000',  3,  3),
                                                                                            ('Brust',        'Follow-Up',                 '2025-06-09 09:30:00.000000', '2025-06-09 10:00:00.000000',  5,  1),
                                                                                            ('Lunge',        'Verlaufskontrolle',         '2025-06-09 10:15:00.000000', '2025-06-09 10:45:00.000000',  7,  4),
                                                                                            ('Herz',         'Stresstest Auswertung',     '2025-06-09 11:00:00.000000', '2025-06-09 11:30:00.000000',  9,  5),
                                                                                            ('Rücken',       'MRT Ergebnis',              '2025-06-09 11:45:00.000000', '2025-06-09 12:15:00.000000', 11,  2),
                                                                                            ('Knie',         'Physio Vorbereitung',       '2025-06-09 12:30:00.000000', '2025-06-09 13:00:00.000000', 13,  3),
                                                                                            ('Schulter',     'Neue Beschwerden',          '2025-06-09 13:15:00.000000', '2025-06-09 13:45:00.000000', 15,  1),
                                                                                            ('Hüfte',        'Röntgen Verlauf',           '2025-06-09 14:00:00.000000', '2025-06-09 14:30:00.000000', 17,  4),
                                                                                            ('Niere',        'Ultraschall Kontrolle',     '2025-06-09 14:45:00.000000', '2025-06-09 15:15:00.000000', 19,  5),
                                                                                            ('Kopf',         'Neurologie Abklärung',      '2025-06-10 08:00:00.000000', '2025-06-10 08:30:00.000000', 21,  1),
                                                                                            ('Bauch',        'Pankreasuntersuchung',      '2025-06-10 08:45:00.000000', '2025-06-10 09:15:00.000000', 23,  2),
                                                                                            ('Brust',        'Lymphabfluss Check',        '2025-06-10 09:30:00.000000', '2025-06-10 10:00:00.000000', 25,  3),
                                                                                            ('Knie',         'Knochen Dichte',            '2025-06-10 10:15:00.000000', '2025-06-10 10:45:00.000000', 27,  4),
                                                                                            ('Herz',         'Aorta Kontrolle',           '2025-06-10 11:00:00.000000', '2025-06-10 11:30:00.000000', 29,  5),
                                                                                            ('Rücken',       'Nervenleitung',             '2025-06-10 11:45:00.000000', '2025-06-10 12:15:00.000000', 31,  1),
                                                                                            ('Fuß',          'Durchblutung Check',        '2025-06-10 12:30:00.000000', '2025-06-10 13:00:00.000000', 33,  2),
                                                                                            ('Hand',         'Sehnenentzündung',          '2025-06-10 13:15:00.000000', '2025-06-10 13:45:00.000000', 35,  3),
                                                                                            ('Hals',         'Kehlkopf Abklärung',        '2025-06-10 14:00:00.000000', '2025-06-10 14:30:00.000000', 37,  4),
                                                                                            ('Lunge',        'Emphysem Kontrolle',        '2025-06-10 14:45:00.000000', '2025-06-10 15:15:00.000000', 39,  5),
                                                                                            ('Bauch',        'Darmspiegelung Vor-CT',     '2025-06-11 08:00:00.000000', '2025-06-11 08:30:00.000000', 41,  1),
                                                                                            ('Wirbelsäule',  'Fraktur Ausschluss',        '2025-06-11 08:45:00.000000', '2025-06-11 09:15:00.000000', 43,  2),
                                                                                            ('Kopf',         'Sinusitis Check',           '2025-06-11 09:30:00.000000', '2025-06-11 10:00:00.000000', 45,  3),
                                                                                            ('Herz',         'Bypass Nachsorge',          '2025-06-11 10:15:00.000000', '2025-06-11 10:45:00.000000', 47,  4),
                                                                                            ('Knie',         'Entzündungszeichen',        '2025-06-11 11:00:00.000000', '2025-06-11 11:30:00.000000', 49,  5),
                                                                                            ('Schulter',     'AC-Gelenk Check',           '2025-06-11 11:45:00.000000', '2025-06-11 12:15:00.000000',  2,  1),
                                                                                            ('Hüfte',        'Dysplasie Abklärung',       '2025-06-11 12:30:00.000000', '2025-06-11 13:00:00.000000',  4,  2),
                                                                                            ('Niere',        'Nierenbecken Kontrolle',    '2025-06-11 13:15:00.000000', '2025-06-11 13:45:00.000000',  6,  3),
                                                                                            ('Lunge',        'Pleuraerguss Check',        '2025-06-11 14:00:00.000000', '2025-06-11 14:30:00.000000',  8,  4),
                                                                                            ('Brust',        'Implantat Kontrolle',       '2025-06-11 14:45:00.000000', '2025-06-11 15:15:00.000000', 10,  5),
                                                                                            ('Kopf',         'Aneurysma Screening',       '2025-06-12 08:00:00.000000', '2025-06-12 08:30:00.000000', 12,  1),
                                                                                            ('Bauch',        'Leberzirrhose Check',       '2025-06-12 08:45:00.000000', '2025-06-12 09:15:00.000000', 14,  2),
                                                                                            ('Wirbelsäule',  'Bandscheibe L4 L5',        '2025-06-12 09:30:00.000000', '2025-06-12 10:00:00.000000', 16,  3),
                                                                                            ('Fuß',          'Achillessehne',             '2025-06-12 10:15:00.000000', '2025-06-12 10:45:00.000000', 18,  4),
                                                                                            ('Hand',         'Dupuytren Kontrolle',       '2025-06-12 11:00:00.000000', '2025-06-12 11:30:00.000000', 20,  5),
                                                                                            ('Hals',         'Karotis Doppler',           '2025-06-12 11:45:00.000000', '2025-06-12 12:15:00.000000', 22,  1),
                                                                                            ('Herz',         'Myokarditis Verlauf',       '2025-06-12 12:30:00.000000', '2025-06-12 13:00:00.000000', 24,  2),
                                                                                            ('Lunge',        'Tuberkulose Ausschluss',    '2025-06-12 13:15:00.000000', '2025-06-12 13:45:00.000000', 26,  3),
                                                                                            ('Knie',         'Patella Check',             '2025-06-12 14:00:00.000000', '2025-06-12 14:30:00.000000', 28,  4),
                                                                                            ('Schulter',     'Frozen Shoulder',           '2025-06-12 14:45:00.000000', '2025-06-12 15:15:00.000000', 30,  5),
                                                                                            ('Kopf',         'MS Verlaufskontrolle',      '2025-06-13 08:00:00.000000', '2025-06-13 08:30:00.000000', 32,  1),
                                                                                            ('Bauch',        'Hernie Abklärung',          '2025-06-13 08:45:00.000000', '2025-06-13 09:15:00.000000', 34,  2),
                                                                                            ('Hüfte',        'Coxarthrose Kontrolle',     '2025-06-13 09:30:00.000000', '2025-06-13 10:00:00.000000', 36,  3),
                                                                                            ('Rücken',       'Myelographie Vorbereitung', '2025-06-13 10:15:00.000000', '2025-06-13 10:45:00.000000', 38,  4),
                                                                                            ('Niere',        'Transplantat Check',        '2025-06-13 11:00:00.000000', '2025-06-13 11:30:00.000000', 40,  5),
                                                                                            ('Brust',        'Thorax CT',                 '2025-06-13 11:45:00.000000', '2025-06-13 12:15:00.000000', 42,  1),
                                                                                            ('Fuß',          'Diabetischer Fuß',          '2025-06-13 12:30:00.000000', '2025-06-13 13:00:00.000000', 44,  2),
                                                                                            ('Herz',         'Schrittmacher Kontrolle',   '2025-06-13 13:15:00.000000', '2025-06-13 13:45:00.000000', 46,  3),
                                                                                            ('Lunge',        'Bronchiektasen Check',      '2025-06-13 14:00:00.000000', '2025-06-13 14:30:00.000000', 48,  4),
                                                                                            ('Kopf',         'Schlaganfall Nachsorge',    '2025-06-13 14:45:00.000000', '2025-06-13 15:15:00.000000', 50,  5);

INSERT INTO reservation (body_region, comment, start_time, end_time, r_p_id, r_d_id) VALUES
                                                                                         ('Kopf',         'Routineuntersuchung',      '2025-06-02 08:00:00.000000', '2025-06-02 08:30:00.000000',  1,  1),
                                                                                         ('Brust',        'Nachkontrolle',             '2025-06-02 08:45:00.000000', '2025-06-02 09:15:00.000000',  2,  2),
                                                                                         ('Bauch',        'Akute Beschwerden',         '2025-06-02 09:30:00.000000', '2025-06-02 10:00:00.000000',  3,  3),
                                                                                         ('Wirbelsäule',  'Schmerzen seit 2 Wochen',  '2025-06-02 10:15:00.000000', '2025-06-02 10:45:00.000000',  4,  4),
                                                                                         ('Herz',         'Vorsorge',                  '2025-06-02 11:00:00.000000', '2025-06-02 11:15:00.000000',  5,  5),
                                                                                         ('Knie',         'Sportverletzung',           '2025-06-02 11:30:00.000000', '2025-06-02 12:00:00.000000',  6,  1),
                                                                                         ('Schulter',     'Chronische Schmerzen',      '2025-06-02 12:15:00.000000', '2025-06-02 12:45:00.000000',  7,  2),
                                                                                         ('Hüfte',        'Kontrolle nach OP',         '2025-06-02 13:00:00.000000', '2025-06-02 13:30:00.000000',  8,  3),
                                                                                         ('Lunge',        'Husten seit 3 Wochen',      '2025-06-02 13:45:00.000000', '2025-06-02 14:15:00.000000',  9,  4),
                                                                                         ('Niere',        'Nierensteine Verdacht',     '2025-06-02 14:30:00.000000', '2025-06-02 15:00:00.000000', 10,  5),
                                                                                         ('Kopf',         'Migräne Abklärung',         '2025-06-03 08:00:00.000000', '2025-06-03 08:30:00.000000', 11,  1),
                                                                                         ('Bauch',        'Magenprobleme',             '2025-06-03 08:45:00.000000', '2025-06-03 09:15:00.000000', 12,  2),
                                                                                         ('Brust',        'Herzrhythmus Check',        '2025-06-03 09:30:00.000000', '2025-06-03 10:00:00.000000', 13,  3),
                                                                                         ('Knie',         'Meniskus Verdacht',         '2025-06-03 10:15:00.000000', '2025-06-03 10:45:00.000000', 14,  4),
                                                                                         ('Hals',         'Schluckbeschwerden',        '2025-06-03 11:00:00.000000', '2025-06-03 11:30:00.000000', 15,  5),
                                                                                         ('Rücken',       'Bandscheibenvorfall',       '2025-06-03 11:45:00.000000', '2025-06-03 12:15:00.000000', 16,  1),
                                                                                         ('Fuß',          'Fraktur Kontrolle',         '2025-06-03 12:30:00.000000', '2025-06-03 13:00:00.000000', 17,  2),
                                                                                         ('Hand',         'Karpaltunnel',              '2025-06-03 13:15:00.000000', '2025-06-03 13:45:00.000000', 18,  3),
                                                                                         ('Schulter',     'Rotatorenmanschette',       '2025-06-03 14:00:00.000000', '2025-06-03 14:30:00.000000', 19,  4),
                                                                                         ('Bauch',        'Appendix Kontrolle',        '2025-06-03 14:45:00.000000', '2025-06-03 15:15:00.000000', 20,  5),
                                                                                         ('Kopf',         'Schwindel Abklärung',       '2025-06-04 08:00:00.000000', '2025-06-04 08:30:00.000000', 21,  1),
                                                                                         ('Wirbelsäule',  'Skoliose Kontrolle',        '2025-06-04 08:45:00.000000', '2025-06-04 09:15:00.000000', 22,  2),
                                                                                         ('Knie',         'Arthrose Check',            '2025-06-04 09:30:00.000000', '2025-06-04 10:00:00.000000', 23,  3),
                                                                                         ('Lunge',        'Asthma Kontrolle',          '2025-06-04 10:15:00.000000', '2025-06-04 10:45:00.000000', 24,  4),
                                                                                         ('Herz',         'EKG Auswertung',            '2025-06-04 11:00:00.000000', '2025-06-04 11:30:00.000000', 25,  5),
                                                                                         ('Niere',        'Nachsorge',                 '2025-06-04 11:45:00.000000', '2025-06-04 12:15:00.000000', 26,  1),
                                                                                         ('Hüfte',        'Prothesen Check',           '2025-06-04 12:30:00.000000', '2025-06-04 13:00:00.000000', 27,  2),
                                                                                         ('Bauch',        'Leber Untersuchung',        '2025-06-04 13:15:00.000000', '2025-06-04 13:45:00.000000', 28,  3),
                                                                                         ('Brust',        'Mammografie',               '2025-06-04 14:00:00.000000', '2025-06-04 14:30:00.000000', 29,  4),
                                                                                         ('Fuß',          'Hallux Kontrolle',          '2025-06-04 14:45:00.000000', '2025-06-04 15:15:00.000000', 30,  5),
                                                                                         ('Kopf',         'Tumor Nachsorge',           '2025-06-05 08:00:00.000000', '2025-06-05 08:30:00.000000', 31,  1),
                                                                                         ('Hals',         'Schilddrüse',               '2025-06-05 08:45:00.000000', '2025-06-05 09:15:00.000000', 32,  2),
                                                                                         ('Schulter',     'Impingement',               '2025-06-05 09:30:00.000000', '2025-06-05 10:00:00.000000', 33,  3),
                                                                                         ('Rücken',       'Stenose Abklärung',         '2025-06-05 10:15:00.000000', '2025-06-05 10:45:00.000000', 34,  4),
                                                                                         ('Bauch',        'Gallenblase',               '2025-06-05 11:00:00.000000', '2025-06-05 11:30:00.000000', 35,  5),
                                                                                         ('Knie',         'Kreuzband',                 '2025-06-05 11:45:00.000000', '2025-06-05 12:15:00.000000', 36,  1),
                                                                                         ('Hand',         'Rheuma Kontrolle',          '2025-06-05 12:30:00.000000', '2025-06-05 13:00:00.000000', 37,  2),
                                                                                         ('Lunge',        'CT nach Pneumonie',         '2025-06-05 13:15:00.000000', '2025-06-05 13:45:00.000000', 38,  3),
                                                                                         ('Herz',         'Herzklappen Check',         '2025-06-05 14:00:00.000000', '2025-06-05 14:30:00.000000', 39,  4),
                                                                                         ('Hüfte',        'Bursitis',                  '2025-06-05 14:45:00.000000', '2025-06-05 15:15:00.000000', 40,  5),
                                                                                         ('Kopf',         'Epilepsie Kontrolle',       '2025-06-06 08:00:00.000000', '2025-06-06 08:30:00.000000', 41,  1),
                                                                                         ('Bauch',        'Milz Untersuchung',         '2025-06-06 08:45:00.000000', '2025-06-06 09:15:00.000000', 42,  2),
                                                                                         ('Brust',        'Rippenprellen',             '2025-06-06 09:30:00.000000', '2025-06-06 10:00:00.000000', 43,  3),
                                                                                         ('Wirbelsäule',  'Osteoporose Check',         '2025-06-06 10:15:00.000000', '2025-06-06 10:45:00.000000', 44,  4),
                                                                                         ('Knie',         'Meniskus OP Nachsorge',     '2025-06-06 11:00:00.000000', '2025-06-06 11:30:00.000000', 45,  5),
                                                                                         ('Schulter',     'Luxation Nachsorge',        '2025-06-06 11:45:00.000000', '2025-06-06 12:15:00.000000', 46,  1),
                                                                                         ('Niere',        'Zystenabklärung',           '2025-06-06 12:30:00.000000', '2025-06-06 13:00:00.000000', 47,  2),
                                                                                         ('Fuß',          'Fersensporn',               '2025-06-06 13:15:00.000000', '2025-06-06 13:45:00.000000', 48,  3),
                                                                                         ('Hals',         'Lymphknoten',               '2025-06-06 14:00:00.000000', '2025-06-06 14:30:00.000000', 49,  4),
                                                                                         ('Herz',         'Perikarditis Kontrolle',    '2025-06-06 14:45:00.000000', '2025-06-06 15:15:00.000000', 50,  5),
                                                                                         ('Kopf',         'Zweitmeinung MRT',          '2025-06-09 08:00:00.000000', '2025-06-09 08:30:00.000000',  1,  2),
                                                                                         ('Bauch',        'Kontrolluntersuchung',      '2025-06-09 08:45:00.000000', '2025-06-09 09:15:00.000000',  3,  3),
                                                                                         ('Brust',        'Follow-Up',                 '2025-06-09 09:30:00.000000', '2025-06-09 10:00:00.000000',  5,  1),
                                                                                         ('Lunge',        'Verlaufskontrolle',         '2025-06-09 10:15:00.000000', '2025-06-09 10:45:00.000000',  7,  4),
                                                                                         ('Herz',         'Stresstest Auswertung',     '2025-06-09 11:00:00.000000', '2025-06-09 11:30:00.000000',  9,  5),
                                                                                         ('Rücken',       'MRT Ergebnis',              '2025-06-09 11:45:00.000000', '2025-06-09 12:15:00.000000', 11,  2),
                                                                                         ('Knie',         'Physio Vorbereitung',       '2025-06-09 12:30:00.000000', '2025-06-09 13:00:00.000000', 13,  3),
                                                                                         ('Schulter',     'Neue Beschwerden',          '2025-06-09 13:15:00.000000', '2025-06-09 13:45:00.000000', 15,  1),
                                                                                         ('Hüfte',        'Röntgen Verlauf',           '2025-06-09 14:00:00.000000', '2025-06-09 14:30:00.000000', 17,  4),
                                                                                         ('Niere',        'Ultraschall Kontrolle',     '2025-06-09 14:45:00.000000', '2025-06-09 15:15:00.000000', 19,  5),
                                                                                         ('Kopf',         'Neurologie Abklärung',      '2025-06-10 08:00:00.000000', '2025-06-10 08:30:00.000000', 21,  1),
                                                                                         ('Bauch',        'Pankreasuntersuchung',      '2025-06-10 08:45:00.000000', '2025-06-10 09:15:00.000000', 23,  2),
                                                                                         ('Brust',        'Lymphabfluss Check',        '2025-06-10 09:30:00.000000', '2025-06-10 10:00:00.000000', 25,  3),
                                                                                         ('Knie',         'Knochen Dichte',            '2025-06-10 10:15:00.000000', '2025-06-10 10:45:00.000000', 27,  4),
                                                                                         ('Herz',         'Aorta Kontrolle',           '2025-06-10 11:00:00.000000', '2025-06-10 11:30:00.000000', 29,  5),
                                                                                         ('Rücken',       'Nervenleitung',             '2025-06-10 11:45:00.000000', '2025-06-10 12:15:00.000000', 31,  1),
                                                                                         ('Fuß',          'Durchblutung Check',        '2025-06-10 12:30:00.000000', '2025-06-10 13:00:00.000000', 33,  2),
                                                                                         ('Hand',         'Sehnenentzündung',          '2025-06-10 13:15:00.000000', '2025-06-10 13:45:00.000000', 35,  3),
                                                                                         ('Hals',         'Kehlkopf Abklärung',        '2025-06-10 14:00:00.000000', '2025-06-10 14:30:00.000000', 37,  4),
                                                                                         ('Lunge',        'Emphysem Kontrolle',        '2025-06-10 14:45:00.000000', '2025-06-10 15:15:00.000000', 39,  5),
                                                                                         ('Bauch',        'Darmspiegelung Vor-CT',     '2025-06-11 08:00:00.000000', '2025-06-11 08:30:00.000000', 41,  1),
                                                                                         ('Wirbelsäule',  'Fraktur Ausschluss',        '2025-06-11 08:45:00.000000', '2025-06-11 09:15:00.000000', 43,  2),
                                                                                         ('Kopf',         'Sinusitis Check',           '2025-06-11 09:30:00.000000', '2025-06-11 10:00:00.000000', 45,  3),
                                                                                         ('Herz',         'Bypass Nachsorge',          '2025-06-11 10:15:00.000000', '2025-06-11 10:45:00.000000', 47,  4),
                                                                                         ('Knie',         'Entzündungszeichen',        '2025-06-11 11:00:00.000000', '2025-06-11 11:30:00.000000', 49,  5),
                                                                                         ('Schulter',     'AC-Gelenk Check',           '2025-06-11 11:45:00.000000', '2025-06-11 12:15:00.000000',  2,  1),
                                                                                         ('Hüfte',        'Dysplasie Abklärung',       '2025-06-11 12:30:00.000000', '2025-06-11 13:00:00.000000',  4,  2),
                                                                                         ('Niere',        'Nierenbecken Kontrolle',    '2025-06-11 13:15:00.000000', '2025-06-11 13:45:00.000000',  6,  3),
                                                                                         ('Lunge',        'Pleuraerguss Check',        '2025-06-11 14:00:00.000000', '2025-06-11 14:30:00.000000',  8,  4),
                                                                                         ('Brust',        'Implantat Kontrolle',       '2025-06-11 14:45:00.000000', '2025-06-11 15:15:00.000000', 10,  5),
                                                                                         ('Kopf',         'Aneurysma Screening',       '2025-06-12 08:00:00.000000', '2025-06-12 08:30:00.000000', 12,  1),
                                                                                         ('Bauch',        'Leberzirrhose Check',       '2025-06-12 08:45:00.000000', '2025-06-12 09:15:00.000000', 14,  2),
                                                                                         ('Wirbelsäule',  'Bandscheibe L4 L5',        '2025-06-12 09:30:00.000000', '2025-06-12 10:00:00.000000', 16,  3),
                                                                                         ('Fuß',          'Achillessehne',             '2025-06-12 10:15:00.000000', '2025-06-12 10:45:00.000000', 18,  4),
                                                                                         ('Hand',         'Dupuytren Kontrolle',       '2025-06-12 11:00:00.000000', '2025-06-12 11:30:00.000000', 20,  5),
                                                                                         ('Hals',         'Karotis Doppler',           '2025-06-12 11:45:00.000000', '2025-06-12 12:15:00.000000', 22,  1),
                                                                                         ('Herz',         'Myokarditis Verlauf',       '2025-06-12 12:30:00.000000', '2025-06-12 13:00:00.000000', 24,  2),
                                                                                         ('Lunge',        'Tuberkulose Ausschluss',    '2025-06-12 13:15:00.000000', '2025-06-12 13:45:00.000000', 26,  3),
                                                                                         ('Knie',         'Patella Check',             '2025-06-12 14:00:00.000000', '2025-06-12 14:30:00.000000', 28,  4),
                                                                                         ('Schulter',     'Frozen Shoulder',           '2025-06-12 14:45:00.000000', '2025-06-12 15:15:00.000000', 30,  5),
                                                                                         ('Kopf',         'MS Verlaufskontrolle',      '2025-06-13 08:00:00.000000', '2025-06-13 08:30:00.000000', 32,  1),
                                                                                         ('Bauch',        'Hernie Abklärung',          '2025-06-13 08:45:00.000000', '2025-06-13 09:15:00.000000', 34,  2),
                                                                                         ('Hüfte',        'Coxarthrose Kontrolle',     '2025-06-13 09:30:00.000000', '2025-06-13 10:00:00.000000', 36,  3),
                                                                                         ('Rücken',       'Myelographie Vorbereitung', '2025-06-13 10:15:00.000000', '2025-06-13 10:45:00.000000', 38,  4),
                                                                                         ('Niere',        'Transplantat Check',        '2025-06-13 11:00:00.000000', '2025-06-13 11:30:00.000000', 40,  5),
                                                                                         ('Brust',        'Thorax CT',                 '2025-06-13 11:45:00.000000', '2025-06-13 12:15:00.000000', 42,  1),
                                                                                         ('Fuß',          'Diabetischer Fuß',          '2025-06-13 12:30:00.000000', '2025-06-13 13:00:00.000000', 44,  2),
                                                                                         ('Herz',         'Schrittmacher Kontrolle',   '2025-06-13 13:15:00.000000', '2025-06-13 13:45:00.000000', 46,  3),
                                                                                         ('Lunge',        'Bronchiektasen Check',      '2025-06-13 14:00:00.000000', '2025-06-13 14:30:00.000000', 48,  4),
                                                                                         ('Kopf',         'Schlaganfall Nachsorge',    '2025-06-13 14:45:00.000000', '2025-06-13 15:15:00.000000', 50,  5);
